u274100,26905
u275822,30147
u268069,14242
u275821,30918
u275351,16629
u275351,16603
u275353,47718
u275353,58578
u258633,52567
u258634,8848
u274457,4142
u272649,62973
u272649,14959
u272649,61467
u272643,32469
u272643,7402
u272642,17033
u274197,11107
u272647,56396
u272645,5232
u274192,58182
u274774,3868
u274777,597
u273179,51940
u273179,28054
u274771,12066
u274770,37026
u274772,26208
u274779,58352
u273174,46114
u273174,2458
u266543,14246
u274176,16631
u274172,58341
u273375,46098
u273375,60268
u274179,31916
u275989,23159
u261155,30048
u264430,13415
u264430,57588
u275910,42010
u275910,7646
u273770,44251
u275827,29362
u272824,9458
u272824,5707
u270348,56544
u263806,9807
u263802,1481
u273516,16630
u263800,31657
u270086,25637
u270082,5445
u270241,29594
u270241,33168
u272915,16614
u270249,36374
u269743,23159
u269083,5380
u271933,31916
u269739,57233
u271937,21523
u266056,45960
u266056,35468
u266501,5641
u266501,26862
u266503,58638
u266503,40990
u266502,30852
u257343,31917
u257343,53310
u273206,37547
u273196,62559
u273199,41300
u273199,2887
u269400,46092
u269426,36762
u273883,9749
u269886,30879
u269886,14438
u266618,26969
u276104,9724
u272139,53316
u272139,61946
u276103,27750
u276103,45324
u261413,33449
u263624,12984
u263624,20440
u263624,46865
u263623,30913
u274984,57547
u274984,17860
u274988,60831
u262765,33597
u276580,57373
u266299,38219
u271597,21505
u271535,35819
u269953,30514
u267679,21468
u274194,19373
u271845,58956
u271531,34927
u276039,30915
u276032,26028
u276033,19905
u263561,17199
u267271,25454
u267277,58909
u257898,58182
u272344,40145
u272342,24562
u267010,57423
u272348,28063
u276324,33464
u271447,62429
u271441,23164
u266878,24097
u263499,50893
u263499,35629
u264110,16603
u264112,32846
u264112,28321
u264116,10754
u264116,17036
u270646,12058
u259194,25719
u268873,52604
u267490,51082
u267490,60908
u268874,15620
u268879,16804
u265001,27418
u275743,9868
u275743,39641
u275743,39627
u274618,57539
u275216,11023
u275213,45166
u275213,45161
u275744,5309
u268613,4156
u268613,12951
u268612,7841
u274610,56732
u274610,35087
u268093,57550
u268093,54430
u268616,4251
u274342,16558
u274342,15621
u274615,21491
u274615,29060
u275586,40065
u275580,10502
u275583,57100
u271054,62176
u271054,17041
u268581,33542
u268581,23930
u275589,16612
u275589,16610
u275589,16615
u268586,9783
u260549,57719
u271695,41007
u258021,45607
u271692,51182
u271698,15626
u264935,56094
u264935,1239
u268904,43969
u268904,62939
u268904,45794
u259510,16613
u268900,24119
u274508,25626
u267803,46306
u275360,13122
u257068,59677
u270475,31083
u275365,36163
u275364,17529
u275364,10458
u275364,53257
u268291,17199
u268291,16819
u402054,62543
u275368,4557
u275368,4141
u264739,30180
u275695,751
u275695,24127
u275851,19063
u275696,30918
u275699,56681
u271362,46469
u271362,46467
u274188,23158
u274188,58344
u274189,33084
u272651,25423
u272651,25415
u272651,7367
u272653,45819
u274762,14232
u274761,11805
u274767,52781
u274767,16805
u263966,47634
u268852,17041
u274769,31082
u274769,53301
u275333,61670
u273698,4504
u273692,43561
u273692,46092
u265395,16052
u275543,5641
u275543,4491
u273346,49317
u275968,26529
u275968,52585
u275961,39981
u275965,48269
u275964,44147
u275964,26774
u258159,19912
u273748,29606
u273745,6803
u273745,54430
u273745,23168
u273747,37015
u275839,43155
u275839,29358
u275839,43166
u273113,32564
u273524,9770
u272838,32250
u273523,58131
u272835,57395
u272837,490
u272830,33350
u272831,57529
u272832,26793
u272833,30917
u272833,46066
u263812,40447
u265067,9765
u265067,57655
u276012,18551
u265061,36832
u256334,16610
u272901,19912
u272901,19912
u272901,19912
u257087,14244
u271303,30371
u270253,14225
u270253,24139
u269729,19055
u269729,42515
u271905,46114
u269097,43597
u269720,59556
u266517,12951
u266517,32805
u266517,31083
u266517,57526
u269091,19036
u261552,512
u273233,32989
u273234,26511
u269978,37031
u266312,12158
u274533,48425
u263704,37354
u263704,35768
u263707,28297
u276489,14268
u276489,14224
u276488,16819
u270376,32468
u266601,49211
u266601,57430
u269541,31070
u276483,52596
u276482,9569
u276487,1464
u276487,1458
u268532,14245
u272121,14229
u272121,36304
u276131,54359
u276131,24101
u272129,19922
u276135,54344
u270506,45012
u276136,5647
u274973,48421
u274973,16608
u274970,9983
u266281,11107
u271875,18855
u271875,32465
u271877,51817
u271870,15516
u271873,62162
u270872,11821
u273456,48128
u271879,58298
u276005,9422
u276004,14232
u276004,12051
u276007,990
u276007,53177
u276001,22806
u276003,41947
u274238,5406
u275320,20449
u275320,8841
u275320,20440
u272017,25418
u272017,53930
u274234,63065
u274234,53302
u274234,52769
u269895,8848
u274880,28947
u275339,23876
u275339,24131
u274236,59542
u274884,12691
u274884,16812
u274884,1252
u260735,57148
u260730,32843
u260730,8750
u260733,4941
u266882,19033
u276311,23175
u276310,32176
u276312,24127
u271475,57390
u271475,59048
u261605,30828
u264128,23158
u264128,24127
u268465,26113
u261955,7113
u267731,5232
u267731,56384
u272489,37568
u272485,1447
u275716,11962
u272913,59590
u272913,32165
u265767,51899
u270890,53172
u270890,59718
u270892,48279
u272248,53300
u268868,33717
u275710,28468
u272244,59554
u259323,56856
u272242,30478
u272241,33779
u275711,62220
u275711,4939
u275028,46
u275021,35968
u265892,29463
u265721,41412
u275752,19894
u275206,38073
u275207,9450
u275756,48624
u275756,37743
u275757,32987
u265728,39628
u268601,41956
u275208,12792
u268604,14245
u268604,37222
u264384,47623
u264384,52613
u264384,52585
u274377,55548
u268607,36099
u268607,13542
u275596,17041
u275594,49217
u268590,48208
u275599,44963
u270162,16052
u264636,12051
u258030,31082
u272798,39344
u272798,39370
u271816,19049
u272793,23685
u272793,12072
u272792,14312
u272795,39981
u272795,16630
u272797,57539
u272796,30652
u273824,26965
u275117,53929
u275115,52767
u275110,1672
u268915,27750
u268916,57268
u275118,17041
u275118,31082
u275118,52767
u275118,9454
u275119,23159
u275119,16389
u274573,12951
u274570,13600
u274577,25931
u274575,14890
u268733,16815
u265093,55669
u268739,6984
u272758,53308
u402040,57548
u264255,16804
u264255,21341
u264706,31272
u264701,53238
u270406,54317
u264251,53299
u264251,31079
u275376,30834
u402049,43942
u402049,43939
u275374,50197
u275374,15929
u265657,49217
u275370,50455
u272667,46092
u272666,21591
u272661,44171
u272661,27912
u271936,55347
u275689,21703
u275689,36152
u275689,53265
u269738,4498
u257655,15629
u272467,4557
u272467,20568
u272467,155
u272462,29960
u272460,21905
u272460,20525
u258490,59613
u272468,52674
u273354,48362
u273352,56857
u265383,60518
u274797,11797
u263957,15000
u268221,25177
u268221,25201
u268221,38056
u273358,9894
u273689,15981
u274155,46525
u269731,30918
u274157,31082
u274156,57531
u274159,9848
u274159,33467
u274158,34371
u265473,39644
u273686,63078
u275979,27694
u275971,49333
u270273,34856
u270312,9868
u275977,60143
u273759,3883
u273759,29382
u274087,32696
u258923,58187
u273908,2041
u273908,37015
u273908,57540
u273757,59677
u273755,6659
u273536,20600
u273536,62113
u273534,12271
u272802,4498
u272805,53879
u272804,44232
u256327,49341
u256327,17032
u263824,5412
u263824,24830
u273308,53177
u272936,29399
u270225,53301
u272932,2119
u272932,55267
u272932,54312
u271912,53929
u271910,32984
u271914,62439
u273229,14556
u273225,30513
u273221,35768
u257053,59677
u269399,43836
u269398,7356
u269395,44369
u269396,21568
u269396,54312
u269396,14165
u269391,9749
u269391,8509
u269390,24097
u270135,53302
u270135,29702
u269408,57719
u269157,44434
u269152,7429
u266672,11109
u276125,27515
u276128,30371
u276128,19373
u276128,34372
u276129,14229
u266956,7651
u274965,13405
u274961,57539
u268000,45122
u268000,10540
u268000,11810
u269038,52604
u267656,37508
u271866,48603
u267653,58331
u267653,58309
u267650,9807
u267650,33323
u267651,7725
u266497,3145
u269971,7841
u269971,31083
u276013,48414
u276547,47435
u276547,57373
u276540,55844
u275514,58194
u276542,56087
u276542,37031
u276542,46104
u276543,12058
u266258,57233
u266258,17743
u276018,32803
u276018,32854
u276019,14245
u276548,39438
u276548,26780
u272063,48344
u272063,15596
u272061,4831
u272060,48813
u269574,23168
u276494,59677
u276495,58224
u269570,14269
u269573,45970
u267252,42769
u276498,53311
u276498,3598
u274897,62546
u267031,39639
u270796,14163
u267034,17064
u272320,7401
u272324,17032
u271603,30170
u272559,29201
u266818,55860
u266818,30908
u276533,1481
u276309,17028
u276302,11385
u262128,46114
u267400,44261
u264132,12952
u264131,2974
u260385,11824
u265131,3866
u265131,14262
u272496,41928
u272495,12945
u272258,57719
u272259,13721
u268854,45480
u268850,39515
u259445,16626
u259445,53316
u272255,39338
u275767,50966
u265711,38057
u272782,24135
u272783,14791
u275569,61667
u275569,16564
u275565,49213
u259333,58105
u271070,27584
u275560,16615
u276100,16189
u271673,26938
u275162,9807
u275162,58922
u268921,26976
u268920,16611
u259022,14242
u259022,9749
u259022,14237
u259022,58541
u272973,37200
u268702,27560
u274566,51063
u268706,20129
u275308,58182
u275308,62105
u275308,4926
u267829,58537
u270415,14229
u275302,16603
u275301,4561
u275301,30837
u275300,40035
u273019,27708
u272671,12058
u272671,48423
u272476,8987
u272476,48815
u272477,12943
u272470,44418
u271785,52598
u265444,14773
u265444,9001
u265444,14781
u265446,4492
u273327,17203
u274789,22614
u274789,14229
u273325,27694
u273324,5648
u274784,33087
u274784,17199
u274785,54344
u274786,27516
u263944,36665
u275945,36317
u275944,33751
u275415,32796
u275946,58187
u274149,47212
u268142,24561
u274416,16614
u274145,37015
u274145,40969
u274410,42004
u263913,19899
u274140,56096
u275418,6802
u258177,9820
u258177,58973
u258170,24273
u271252,10540
u264400,51404
u274059,49211
u274091,53939
u271093,35768
u274095,51213
u274095,12945
u274096,46463
u271090,42976
u263836,60378
u263837,3026
u264515,5317
u264515,32984
u273783,27360
u273783,53298
u265289,42927
u273786,49655
u273037,31076
u256358,14988
u265283,10999
u265040,56200
u265046,1849
u272923,35781
u272920,30840
u270233,53093
u270233,39632
u272924,21498
u272780,35768
u263722,57400
u263722,62174
u273258,39622
u273252,14238
u269381,51796
u269381,30413
u270124,54325
u270124,53943
u273715,32832
u269144,57385
u270129,1252
u276153,58553
u269366,23162
u269366,48823
u276157,26028
u276154,58964
u276154,20464
u269369,51613
u274958,33194
u274958,43155
u274958,28973
u263618,33094
u263618,61667
u263616,26019
u263616,15626
u274957,53312
u274957,57147
u269705,17757
u269702,29451
u261280,32422
u269708,60094
u269709,40443
u271942,17032
u271899,59042
u267624,62443
u267624,61444
u267624,62161
u271896,30473
u271895,16378
u271894,9749
u271891,44256
u271891,12109
u271890,38582
u276570,19894
u276573,48806
u276575,60378
u276575,20456
u276575,29472
u276574,14319
u276574,12943
u276576,19894
u276576,19901
u269966,51699
u266247,59037
u266243,56687
u269961,30757
u273810,18376
u269567,44262
u270780,9611
u270782,17416
u270787,26965
u270789,50827
u270789,8987
u270789,48420
u272319,39427
u259236,39638
u272311,60109
u272311,30864
u272311,30892
u268923,2516
u267531,48123
u276373,55856
u276373,48421
u271411,49220
u276375,58904
u266807,23159
u262131,16617
u273957,50270
u270918,16612
u260154,53939
u276205,17487
u268849,48348
u266931,17041
u276200,752
u276200,16052
u276200,30813
u264895,9894
u268843,26433
u264897,46674
u268841,37568
u268841,14227
u268844,62444
u268844,28049
u272266,25477
u275779,9726
u265874,58943
u275771,30913
u259942,57539
u259942,53357
u271068,62862
u275578,556
u275579,4186
u271063,33197
u271064,27694
u268934,1631
u268934,33837
u268932,31079
u259548,23146
u268445,23168
u275174,57400
u273809,57751
u273809,35462
u273807,34093
u273807,39414
u273807,59413
u273807,51331
u273805,37737
u263269,16804
u265676,47723
u274229,2873
u274229,2887
u268719,12090
u274226,52585
u274226,7119
u274557,57390
u274221,53312
u261357,46602
u275313,37021
u275314,24127
u275315,55568
u275315,44147
u267835,31079
u267835,32984
u275140,50401
u272689,14229
u272689,50170
u272680,29122
u268626,16615
u274316,37024
u268624,44363
u268624,45122
u272448,23159
u271792,57390
u271793,11805
u273330,17205
u273334,19894
u273335,32268
u273336,28739
u273336,39088
u262489,22413
u266050,25036
u275405,41004
u275405,36304
u275950,16629
u275407,48822
u275402,42977
u275402,20123
u274420,31079
u275958,53940
u275958,27592
u275959,30828
u275408,57681
u257180,6677
u257180,21449
u274135,58349
u274135,19904
u274134,39622
u275795,17533
u275797,56424
u271247,2434
u271244,752
u271249,9765
u271249,5634
u271084,62780
u271085,35786
u271085,35758
u263840,21907
u274045,16819
u274040,45292
u274040,37010
u273797,1245
u273797,51793
u273797,54408
u273794,53307
u273794,57400
u273022,8692
u264507,17210
u264501,1252
u270202,12965
u270202,43151
u268637,12771
u268636,54351
u271334,52060
u271335,29918
u273248,30371
u273248,25418
u276327,20568
u257366,17894
u263997,4088
u270110,26923
u270112,27742
u270112,24127
u272867,56080
u270118,48891
u269351,40476
u276141,46069
u276143,2256
u276145,31082
u276146,2886
u276146,20516
u276146,11833
u276148,19918
u276149,45952
u276149,41110
u274947,24887
u273738,39641
u273738,14265
u275919,61626
u263668,63065
u263662,35468
u265442,38615
u269773,19431
u269770,4628
u266015,26921
u266015,42979
u266014,30495
u271884,61667
u271885,59001
u272047,48827
u272040,16603
u272040,49218
u266233,9848
u269912,39442
u269912,59677
u276564,54504
u276564,1484
u269910,30372
u269917,24127
u269916,14778
u269914,59549
u261744,4554
u262036,52589
u262036,30828
u262036,17028
u275414,58198
u269594,20485
u270538,23594
u269827,16564
u269827,46322
u266834,10756
u269825,14311
u269823,29685
u269821,60143
u270938,15322
u259222,38799
u272300,30165
u267520,44966
u272307,51062
u267522,53302
u267522,3597
u271408,48830
u256786,39620
u262102,49089
u276364,33052
u276366,30219
u276367,39627
u274412,56096
u272276,27439
u272277,32854
u272270,19047
u276215,397
u276216,58829
u276216,30852
u276210,4498
u276211,52645
u276211,21853
u276212,26952
u271539,37376
u271539,43166
u265848,8996
u264866,14655
u264643,10212
u275862,57157
u264869,40248
u265846,21475
u275091,59677
u275091,14229
u264089,31079
u275545,24122
u275096,14303
u275096,1394
u275095,30819
u275095,1457
u275094,50989
u275094,58649
u275094,53419
u271658,57533
u271658,27685
u263077,16603
u271653,62267
u271653,56222
u268433,34707
u268433,16819
u263272,16629
u263272,16612
u275145,36304
u273872,32984
u269900,48413
u267607,23594
u267607,7511
u275325,4939
u275325,52732
u274549,13739
u275897,40388
u275897,4481
u275896,14776
u274542,14791
u268762,31070
u268762,43156
u275899,35971
u274237,23106
u275328,17041
u274545,43918
u271156,26385
u271156,48897
u270432,58577
u270434,31750
u270435,21060
u272699,4474
u272694,32854
u272695,57390
u272695,57403
u272695,49213
u272696,9642
u258378,9197
u272691,46424
u274301,24280
u274301,27490
u272051,38575
u273902,7857
u274306,13413
u272456,33193
u274309,57533
u272454,26462
u272454,4937
u273909,15542
u272451,56496
u268160,17858
u273656,57390
u273307,15596
u275430,3469
u275430,43418
u275433,26310
u257199,4464
u257199,57531
u270320,55699
u275436,57539
u275438,43172
u275438,2219
u274127,23169
u267994,16615
u276510,999
u272959,14256
u267992,1244
u257756,36577
u264463,53177
u265592,8256
u271544,3867
u263850,9001
u263850,19917
u274054,5940
u274054,27439
u262859,17199
u274057,62931
u274050,40683
u274051,23164
u274053,23823
u262584,42553
u273016,33454
u270213,4784
u264512,20608
u264513,15519
u264513,54340
u256576,23168
u256575,33605
u256575,16602
u270219,60143
u273494,5232
u273494,55502
u271347,12059
u271347,55509
u273270,14771
u273279,63100
u273477,12058
u265287,27418
u274840,4498
u273479,59616
u273479,36989
u275745,62261
u263987,51626
u265339,43429
u257170,60375
u270108,33474
u274613,52673
u270106,48423
u270106,48421
u270106,58346
u269614,37576
u274616,32806
u276173,19052
u276172,43166
u274933,47027
u275777,46104
u274937,23694
u274937,23674
u274939,37011
u274939,1924
u263678,23159
u269296,52598
u269763,36324
u269763,62116
u264609,3874
u266736,48292
u267355,33194
u267355,23168
u266738,49209
u266738,5641
u266229,15652
u266229,17659
u276518,49210
u272054,10219
u272055,57390
u276513,27698
u269903,30726
u269905,41400
u269905,49216
u276514,56088
u274849,27698
u274848,12691
u274846,26433
u274845,37354
u267105,17036
u274843,16608
u274842,58198
u270507,44
u276446,43170
u276446,43153
u258348,53185
u276427,35458
u276357,52585
u276357,62555
u270929,4555
u276421,4629
u276421,4629
u276420,57541
u270924,37704
u270926,44147
u270926,17250
u270926,33442
u269838,54312
u276197,5641
u276196,25960
u262110,31079
u262110,17070
u276193,15626
u276193,51088
u276192,49209
u262118,19912
u276425,12083
u276425,19062
u267194,26965
u270697,62546
u270693,42976
u270693,7119
u269017,25474
u272202,4161
u259360,19912
u259360,17323
u267173,60860
u272204,10697
u276368,18367
u276222,62571
u276225,49217
u276224,5774
u276227,44088
u276227,7459
u266916,32484
u260776,31077
u266454,11070
u262200,4561
u275555,4927
u264675,31448
u261826,18378
u261826,36317
u259964,4260
u275559,30913
u258563,30850
u275084,11807
u275084,32838
u258569,17041
u270745,7373
u268953,43170
u268953,15597
u268954,16614
u259568,32795
u270742,22516
u263088,31079
u263088,52604
u268959,9752
u273869,614
u273869,11171
u275158,20479
u273862,37401
u273862,28050
u273838,48426
u273865,9839
u273865,9834
u275155,30911
u275332,43172
u274208,12954
u275884,37017
u275334,30850
u259580,42010
u268771,15610
u274202,12070
u268775,9832
u272029,52624
u264216,18524
u258365,48275
u264186,4713
u272429,27642
u273917,59677
u273910,14572
u274335,9885
u272421,16821
u272420,24140
u273918,11926
u274330,30670
u274330,60714
u274115,16603
u274441,58537
u274441,25026
u273648,17710
u274110,16614
u274449,41293
u273317,23148
u273642,45918
u273315,17574
u274685,48146
u274685,2036
u274684,30792
u274684,53357
u264456,14230
u274681,8996
u274680,17028
u275428,39202
u275429,37151
u275429,37275
u275426,37222
u275426,23169
u275999,31083
u274689,27694
u275421,37022
u264693,3880
u264693,14244
u270593,40683
u258186,14229
u270598,42976
u270598,9822
u259616,49919
u402050,51116
u268082,58930
u268082,43194
u258962,7506
u272739,43165
u272739,39628
u271283,4628
u402055,62931
u263864,37015
u274061,7118
u274061,46104
u274063,17844
u274063,49654
u274063,17851
u274062,5641
u274064,3874
u274067,21221
u270374,17176
u274069,23158
u274068,27863
u262842,27572
u274591,7437
u272816,53307
u264523,58182
u274664,62100
u274594,1612
u274597,62966
u271990,44262
u273264,2112
u273265,54321
u273462,49213
u272993,12224
u272994,19899
u269117,38799
u269117,48492
u257143,58352
u272844,4506
u276169,33084
u269621,42010
u276161,57419
u269337,39646
u266104,19042
u269335,30819
u274921,44262
u274922,48812
u274924,42769
u263640,17503
u263643,29684
u274928,56496
u274928,31079
u263649,11844
u274261,41959
u263888,30828
u270003,17178
u256383,35123
u269751,16603
u269022,16595
u269021,2591
u269245,57515
u267619,52575
u267619,26475
u267619,45122
u275219,36129
u266749,3047
u267343,27880
u274183,23164
u266918,27518
u266918,44346
u274857,4926
u274850,62964
u274851,40250
u274852,18367
u274853,37377
u268869,51116
u267505,14250
u270919,29631
u276435,397
u271426,14778
u266369,48170
u276439,23158
u276439,14250
u266698,3598
u276188,62253
u267180,62169
u267166,59677
u267160,19910
u271518,2079
u276235,49210
u276233,57548
u262273,41965
u268563,15518
u257547,26949
u257814,7119
u271637,15978
u275659,610
u264061,20469
u273854,37015
u270773,56531
u263098,61667
u263098,17203
u273850,55500
u273850,57197
u273850,30876
u273850,30371
u273345,53307
u268966,1048
u268966,14632
u268966,41111
u268966,51084
u273859,51778
u261827,41682
u268419,28968
u262301,16132
u268414,21743
u263254,55111
u263254,40057
u259777,17028
u259596,43159
u262906,59615
u268551,10218
u275184,43939
u271185,58347
u257600,50826
u271183,62161
u258424,44240
u272438,58337
u272438,16615
u259970,7450
u274321,20279
u271728,54111
u273679,3307
u273678,28163
u274452,32584
u274106,15517
u274455,36302
u274455,61913
u269516,16603
u273671,33459
u273674,20528
u274692,26976
u275988,26208
u275988,42969
u274690,8041
u274691,30773
u275981,13406
u275451,25632
u275985,21794
u265134,2083
u264687,27694
u264687,27694
u271291,2977
u271290,16603
u268383,36145
u275843,53357
u269967,12141
u268740,44251
u272723,29397
u272723,40740
u272723,30219
u272723,19062
u273077,53648
u263870,18367
u263870,53296
u263871,3183
u263874,746
u263874,28050
u265553,19049
u274078,58318
u274076,53302
u274074,44191
u274072,15600
u265559,29472
u265559,53311
u265558,8201
u265558,56397
u275857,17986
u275855,32591
u275855,55674
u275854,23518
u275854,57553
u275853,58535
u272519,31082
u272519,18367
u274588,6827
u274588,18214
u274589,20526
u274584,48350
u271165,4549
u271160,35761
u271160,27954
u270484,57020
u270484,26922
u267887,45989
u270661,14244
u266719,12984
u273982,33124
u276579,59439
u276578,44025
u276578,62306
u272980,58553
u272981,29026
u272981,15724
u273101,4937
u265314,35356
u265314,38560
u265317,7850
u268421,51896
u273517,14245
u273517,16603
u272850,27509
u272850,9811
u270164,12059
u270164,1453
u270164,16584
u272183,23159
u272183,18370
u272184,22252
u268798,9785
u269324,19906
u263652,12972
u275150,58355
u274913,61043
u274913,9729
u275018,16631
u263891,55006
u272295,31916
u272295,9776
u270010,11374
u270012,12072
u270012,61939
u269034,48811
u269034,21025
u269035,30710
u269035,2519
u269740,30147
u275880,56138
u269257,40269
u269252,14250
u266205,11807
u266759,7842
u276539,62541
u276539,42969
u271984,16819
u262042,33084
u264351,23158
u271982,49217
u271988,36743
u271988,20998
u274861,19086
u274860,32584
u275335,37376
u274200,15717
u274718,9459
u274718,31258
u266119,31082
u267570,19061
u267570,58928
u267577,13076
u267577,54348
u274204,58582
u276400,32176
u276407,9882
u276409,59554
u276408,12951
u266373,1792
u275729,58314
u261668,37093
u261668,60942
u261467,17293
u261460,26472
u260201,35012
u275232,54466
u272225,38421
u272222,46114
u276249,11954
u266970,46452
u266970,11526
u271560,2661
u271560,10219
u276246,47373
u276246,16819
u276245,57388
u275530,19056
u275531,57410
u275532,48835
u275538,3886
u264831,44155
u271620,10540
u271620,32806
u271620,13993
u271622,30997
u257803,50827
u257803,34681
u264051,39293
u264051,782
u264051,39295
u271629,27674
u276272,7648
u273849,17199
u273849,12945
u268976,53556
u276270,57534
u263228,62347
u263228,28338
u268403,15521
u268403,48234
u262318,30918
u264231,9815
u265630,3414
u256737,39637
u256737,16619
u275628,34640
u275196,29297
u275195,16804
u275622,58351
u275622,17199
u259127,49742
u259127,19912
u271757,33184
u273916,26756
u268577,14261
u275997,26026
u274468,14249
u274468,14255
u274468,35831
u274468,3869
u275991,23179
u274464,23161
u268196,16218
u268254,8256
u265129,56956
u275448,26976
u275448,58577
u270378,14249
u274669,62610
u274668,31313
u264309,4474
u275441,24021
u274665,24236
u275443,43167
u274663,29594
u274663,25425
u275445,39637
u275446,40252
u270578,22620
u270577,25474
u272427,2279
u270575,23162
u270574,63071
u270574,58353
u267961,29297
u258238,36988
u259633,14062
u259633,4936
u268751,20456
u268751,20440
u274267,57395
u274267,19901
u274267,58182
u268757,4371
u268755,39193
u268755,33437
u268755,28653
u274269,57542
u274269,5648
u266802,51116
u256542,31082
u256542,31082
u274111,24121
u275850,24127
u274446,9882
u271370,33092
u275847,48421
u275847,1317
u275847,25468
u275842,44153
u271375,11678
u274071,10438
u275849,35038
u264544,49321
u264544,42569
u271174,43167
u270488,58002
u270488,54303
u270488,33582
u273661,14270
u270487,9183
u273310,54643
u267897,6376
u263797,7641
u273282,33446
u274717,23164
u261323,30814
u273448,20438
u273448,48424
u273114,47310
u273441,45594
u270154,41019
u274483,56094
u274482,33785
u265308,60942
u265308,37367
u265309,17422
u269137,49151
u269131,23158
u275344,52607
u273596,39920
u257126,24127
u276240,33074
u276240,7119
u269482,59044
u275340,61189
u272880,62267
u272883,18367
u272885,1252
u274900,14781
u261255,26794
u261255,6923
u270023,10290
u270022,19245
u270022,24119
u269000,16629
u269000,45958
u276520,57532
u276527,27572
u269268,27428
u276528,58226
u276528,26916
u269791,28160
u269793,49213
u274873,60894
u274873,33440
u274873,54054
u271994,20129
u271994,20122
u271994,55548
u272085,39639
u274878,52641
u274879,62751
u269314,18485
u269314,18495
u266165,26393
u270970,33858
u267865,15626
u267865,16930
u269862,31491
u276413,31602
u272155,24425
u272155,51670
u272154,22805
u272153,17036
u272151,14988
u272151,60235
u272151,31075
u258969,58351
u258969,9582
u258969,16622
u262787,30828
u262787,5634
u260321,36152
u266416,54303
u276204,63078
u276204,32406
u266943,19061
u266942,56267
u266942,24142
u270807,12945
u272233,39997
u272230,14250
u272236,14264
u272234,12951
u276258,11111
u276058,24280
u276058,24294
u266781,19912
u266781,31083
u271574,5380
u276255,32825
u276257,54340
u276257,54353
u267094,46311
u271997,9082
u272262,23158
u264040,12754
u275055,57543
u264823,14257
u275500,31487
u275503,4721
u275050,25637
u275050,37011
u272523,18927
u271528,27367
u271611,47024
u271611,25366
u272529,32851
u259754,31079
u270717,62557
u261926,9001
u264957,43167
u264227,61312
u268218,49668
u264959,29382
u264959,13484
u275618,16804
u264641,49654
u275612,27409
u275612,43166
u275615,49217
u275615,52604
u275614,1221
u268690,20468
u272417,58553
u272417,58549
u274749,24270
u271767,53140
u271767,17419
u270628,60143
u275299,8725
u275295,31079
u273941,4724
u266360,60119
u275475,48264
u275474,3092
u258395,37583
u273876,33082
u273876,23158
u274471,17028
u274471,23456
u274476,34263
u275478,17537
u275478,16553
u274474,18367
u274474,62780
u275276,28081
u265797,57539
u274679,41974
u275271,35087
u275271,35087
u274675,32987
u274676,9765
u274677,36984
u274677,57390
u270364,61667
u256615,44256
u270561,7361
u270562,24127
u270562,14264
u258084,14272
u258087,9899
u274278,60964
u274278,16819
u274279,60704
u259623,29689
u259623,37012
u272701,56146
u273727,9445
u273726,55289
u273725,49217
u273056,26936
u273051,43204
u273051,25477
u265707,17537
u265707,6372
u275051,42010
u274012,54410
u274014,51800
u274015,57539
u274016,39740
u275879,4161
u275878,16612
u270498,27519
u273611,48017
u258889,1184
u273614,6798
u270491,1792
u273618,14455
u263785,30900
u273129,52893
u273129,14228
u273432,45916
u256287,13432
u256287,22789
u273124,39442
u274495,43172
u270141,56088
u274492,62557
u274492,11104
u274492,17041
u274498,47024
u274499,27430
u265375,1240
u275572,19912
u269490,62161
u269498,3905
u273547,47024
u273547,43155
u273547,30889
u272898,15978
u258138,41106
u272891,7848
u276557,13700
u276557,13733
u267648,28958
u261261,20229
u276555,44164
u276555,56248
u269018,25632
u269019,6940
u270609,16623
u276553,24101
u272096,30814
u272092,23159
u272093,7648
u276085,30819
u276085,19912
u269275,49218
u266776,60143
u276083,52574
u274806,15596
u271969,6310
u271969,30828
u271968,32584
u271965,20479
u271965,4831
u271965,43161
u269785,58553
u266571,752
u269781,28947
u269781,9765
u269303,30908
u269303,3877
u269303,58353
u269303,17537
u269306,52592
u269306,33094
u266175,36324
u269657,39421
u270965,57579
u276398,238
u276391,15978
u276461,58182
u276465,24098
u276396,9724
u276396,44194
u272147,12629
u272147,58186
u272148,37470
u261680,49220
u267311,7119
u276264,4159
u276267,17985
u276267,14578
u271814,41286
u270818,21512
u276260,23001
u271549,58589
u271549,32838
u271549,12945
u276268,62161
u276268,29603
u276064,26950
u276063,7644
u276063,58194
u266791,44031
u276061,33464
u276060,9973
u262087,40172
u262087,53171
u275518,43160
u275519,15621
u275519,8512
u275519,30652
u264035,31429
u264035,47514
u275513,52604
u275517,58194
u275042,60441
u275603,18544
u267040,32534
u262440,42010
u260026,55861
u260027,2241
u272391,26911
u272391,55502
u272391,26946
u272390,13430
u270704,43161
u270704,53698
u270705,49217
u270707,15626
u275607,9749
u275602,40453
u264964,1476
u276417,24798
u275259,15985
u271774,7359
u265245,3234
u268684,14268
u268684,45974
u267837,59677
u273959,36484
u275288,37799
u264816,24128
u275280,59554
u275280,43166
u275286,54312
u275284,61043
u275285,48425
u275460,12058
u260506,33453
u258389,4382
u275468,12925
u275469,53296
u275264,11835
u268339,15596
u275260,14058
u275260,61444
u275260,13969
u275260,5431
u275261,3874
u275263,5641
u264490,23688
u264490,62566
u274391,1245
u274396,56925
u274647,49220
u274647,37012
u274647,10580
u270559,39442
u270551,4480
u270557,51094
u270557,51094
u272779,62557
u272778,25742
u274249,58355
u274248,19920
u272772,49209
u274247,7841
u274246,26948
u274246,23686
u274246,43166
u272775,47447
u274027,47560
u274026,33717
u274026,36300
u274021,39628
u274020,782
u274022,62273
u274022,22157
u274022,27428
u273737,54772
u273737,29608
u273730,43165
u274028,31920
u267392,17041
u264566,58643
u264566,16819
u256525,44142
u256525,12984
u256525,36838
u268029,55498
u268029,55498
u265560,57525
u272768,28969
u272338,4471
u275866,18369
u275866,57719
u275867,42976
u271396,19481
u271397,47435
u257035,19896
u274258,29694
u275861,37354
u273602,30819
u272604,54981
u272604,7258
u272603,7857
u272600,31922
u273608,1754
u258891,16617
u271153,39617
u273137,56513
u273137,51395
u273130,49217
u276166,12945
u276167,14172
u269627,45157
u273420,30371
u274738,17041
u274738,45019
u273422,30814
u273422,14735
u273425,12984
u261305,20286
u261305,37693
u271924,53941
u263644,52087
u265361,20468
u263647,1252
u269466,29534
u269466,2457
u263685,43161
u273559,19069
u265219,58553
u276099,7436
u269202,28330
u276097,53302
u276094,37559
u276094,57719
u274813,60109
u271976,5649
u271976,57398
u271976,49217
u260012,46114
u271971,60136
u271971,13413
u271973,33453
u274428,3874
u274138,27698
u266141,43160
u269662,32854
u266324,17041
u266324,49209
u269515,53265
u270959,42919
u276383,4546
u269843,3871
u269843,16986
u267542,32411
u267542,32405
u269848,43730
u269848,8986
u267545,46463
u269685,15588
u268151,59877
u274131,19062
u276477,4166
u274424,14229
u274424,13431
u267307,58180
u274426,43159
u274426,49221
u267434,9894
u260655,62848
u260655,46337
u270829,12095
u270829,19046
u267129,43226
u267129,34814
u271550,31719
u271551,55223
u276277,16612
u276274,36244
u270822,58194
u270822,48421
u276076,31474
u276076,40371
u276076,46076
u276076,47324
u276076,46072
u276071,5640
u276079,15625
u266033,4755
u266033,62571
u276561,23159
u275078,44444
u265680,31878
u275071,56821
u275070,58624
u272543,52300
u267051,15268
u267051,35511
u267052,58198
u275814,13122
u272383,26953
u272383,26925
u262345,3871
u275673,5315
u275672,9894
u275672,40969
u275670,21279
u275677,54606
u275675,11107
u264971,12979
u271704,36304
u271708,23159
u273964,37015
u273967,16626
u272249,20468
u273962,15600
u256986,31079
u270893,16794
u273969,48808
u272247,20118
u268838,30741
u268525,4561
u268836,23158
u268831,23158
u268831,52598
u268654,16402
u268654,33454
u275499,51064
u275499,51087
u275495,45037
u275492,4169
u275492,53302
u274389,2121
u275252,5641
u275255,48999
u275257,57419
u275257,12792
u275707,644
u275704,33768
u275704,56217
u275703,31289
u270548,61667
u275383,32984
u275381,62955
u275381,41787
u274259,1916
u268781,62036
u274032,13428
u274036,42556
u261050,46092
u256518,27688
u257021,43000
u257021,61043
u256515,13386
u274859,27423
u275818,13421
u275811,33785
u275810,58906
u275810,30859
u265684,23273
u265684,14223
u272615,12744
u272610,33453
u272610,33474
u272611,47156
u273634,27002
u273634,4471
u271121,62931
u273631,4491
u273142,2518
u273141,55498
u273140,63082
u273147,13919
u273145,59037
u275751,12627
u275751,14776
u273799,49214
u273789,14249
u265357,11107
u274729,23158
u274729,1252
u274729,1252
u258849,10215
u258849,19035
u274724,27411
u274724,47186
u274724,47181
u274724,20436
u263927,30478
u263927,14429
u274723,62176
u274723,62171
u274720,57539
u275926,53307
u257110,19055
u257110,19055
u275924,38532
u275921,56094
u275921,49209
u265358,8893
u271231,49220
u276208,56424
u273091,12096
u267639,42554
u267639,28957
u273096,49211
u273096,26901
u273096,33173
u265228,1464
u274808,57227
u274808,30303
u266554,9787
u266558,7842
u266558,56208
u266558,17198
u271948,7119
u274829,14295
u274828,15600
u262640,37117
u274825,33453
u274825,42975
u274825,43165
u271943,2877
u266083,32535
u271944,27506
u271944,49216
u263742,15636
u256241,32838
u256241,48813
u256241,41099
u269678,40681
u266154,26921
u269675,11107
u276445,54325
u276445,13458
u270948,12942
u271490,12951
u269856,26638
u269856,21499
u269857,14311
u269854,27563
u276442,17215
u276442,14228
u276442,14228
u269858,23161
u276448,31267
u269691,40093
u269691,9752
u269692,62171
u269698,46104
u269698,52607
u268696,12078
u272169,18663
u272166,13715
u272167,55933
u276346,44651
u260311,1759
u270911,54350
u276285,3597
u276283,57536
u276283,57525
u263595,1254
u276040,47431
u261477,9724
u271856,9870
u257591,16587
u264010,50817
u264012,40056
u257849,30557
u270720,14270
u272579,23164
u272578,25434
u273880,12257
u257844,57410
u259707,33082
u272374,21279
u276022,26831
u264909,21550
u264900,40260
u264161,60815
u264161,6852
u264162,51055
u273973,37354
u273973,51116
u273970,51116
u273971,49209
u273976,40683
u270616,46115
u270617,5295
u270614,31082
u270614,31080
u257448,45109
u275067,5707
u275065,35455
u268828,4554
u275061,30219
u275061,62571
u268824,56098
u268824,29208
u272287,19021
u272284,49335
u275489,26921
u264342,52781
u264342,58859
u275485,30170
u268318,1252
u275487,9885
u275487,32838
u275482,62555
u267926,30819
u275249,4934
u275244,9807
u275717,1244
u275242,32851
u275242,31793
u275242,53604
u275243,32325
u268794,23163
u268792,33717
u268790,4458
u268790,33453
u268790,13727
u268791,23159
u271004,46344
u259679,25466
u402042,15225
u256889,47294
u272597,48422
u275391,60123
u275393,19912
u275393,21131
u275394,30837
u275395,4549
u272591,27697
u272590,2995
u272590,39632
u268281,23162
u265793,57550
u265508,7498
u257050,30819
u257050,17041
u270289,52779
u270289,52784
u274284,4484
u274286,14994
u274289,34962
u256503,29382
u264583,58904
u264583,26571
u270280,55500
u274531,7919
u265699,59677
u264746,49101
u275802,31082
u275802,56850
u275803,7022
u275804,58182
u275805,6068
u275805,530
u275805,5393
u265696,33062
u275807,54510
u272620,25277
u273628,24135
u273629,52089
u273629,36330
u271134,12951
u271134,59615
u271135,39641
u271135,51584
u273625,17475
u273152,57544
u273154,4824
u273155,3866
u273408,51709
u273409,37389
u272977,53156
u263919,34839
u265343,31079
u274758,60573
u274758,1158
u274753,28332
u274753,28335
u274751,52763
u274751,25929
u274757,30916
u270198,58344
u265187,60863
u265187,60856
u265187,60887
u275933,18252
u275938,14311
u275938,30726
u265189,56227
u270196,21945
u271224,48813
u271227,27966
u273713,53345
u273719,15604
u269449,56088
u275685,61939
u275685,47392
u269193,48268
u269192,24278
u269442,34093
u269196,60100
u269446,14230
u273572,18626
u273571,59048
u265563,54793
u265563,16803
u273088,62555
u269045,33628
u265233,23158
u265233,58344
u269042,17041
u269042,17033
u269042,58355
u269042,58182
u270269,31919
u270269,60439
u270268,56486
u271957,5106
u271957,3212
u271952,44658
u271952,12099
u271950,35786
u274839,63078
u272707,7841
u272707,51116
u274835,37389
u272469,26770
u276452,57544
u276450,9749
u269535,59613
u269535,52595
u276457,45891
u276454,45157
u276455,20084
u276455,36995
u276455,2422
u275542,17855
u266183,57233
u266183,37783
u266632,52604
u272119,30828
u272118,49218
u272118,46092
u272118,1252
u260886,9803
u260886,53535
u272113,14244
u272112,60143
u272114,27024
u272114,52781
u269998,41127
u261434,14311
u270840,7511
u270844,56143
u276299,45974
u276299,25510
u267694,14254
u276294,37015
u276295,49607
u276295,53651
u276296,10450
u276296,12951
u271823,48817
u276293,30652
u272026,43172
u272026,12984
u272026,30918
u272021,58335
u276059,57187
u276059,19912
u276054,9803
u276054,14238
u276050,46095
u264008,32846
u272561,742
u272564,63077
u270990,14232
u270990,9885
u274404,46432
u259249,16804
u272362,16051
u259881,63053
u264172,37015
u275658,48609
u264910,24139
u275646,13783
u275124,40273
u275651,48415
u275651,50595
u275653,33194
u258448,7735
u258448,45150
u275624,62571
u275624,62161
u270663,41967
u270662,42052
u273985,31267
u271631,26938
u270665,4075
u275010,34938
u275017,4597
u275016,18543
u272292,23179
u272292,48421
u268812,31079
u268812,23158
u268814,48815
u268814,48658
u268817,7849
u266332,58436
u274632,16606
u274632,42976
u268672,61667
u274634,62953
u268679,19912
u268679,4161
u268678,16402
u276447,10450
u276447,14149
u275975,55277
u270520,37250
u270521,19395
u275239,51181
u275239,57107
u270523,33844
u275233,37364
u275233,58582
u276441,9001
u276441,15615
u275723,44346
u275723,30819
u275237,3884
u275724,58335
u275234,56179
u275234,13747
u275234,32477
u259188,49211
u272745,47623
u272748,51817
u272586,20753
u272583,57390
u272583,1813
u273617,34172
u272589,27418
u275953,19050
u275835,28327
u275835,20469
u275834,9832
u275836,43937
u275833,26113
u275832,31082
u275832,49218
u274525,4306
u274520,32984
u262988,19047
u262988,19047
u275348,61667
u275348,17993
u402039,30918
u402038,40476
u273751,57373
u402035,57395
u270451,16601
u267867,53854
u402036,9724
u272635,62571
u272632,16819
u273168,42952
u263900,12524
u263900,16459
u273164,12923
u273167,26368
u273161,37571
u273160,2736
u273160,53160
u265400,37938
u268102,23343
u256405,10290
u273367,5693
u268109,25645
u274747,30906
u275905,30631
u275904,31643
u275904,39187
u275908,18756
u275908,32034
u264324,55568
u273766,57548
u273766,26925
u271218,16629
u273769,39622
u273768,27509
u275005,29400
u269187,59548
u273503,39639
u273507,52767
u274704,52607
u270070,54317
u275954,31082
u275954,4607
u270077,57535
u270075,62975
u270075,14270
u265241,46066
u269056,52270
u269057,40035
u269057,32006
u269057,37402
u269054,43582
u269054,39632
u269055,7842
u272966,27554
u272967,1831
u270277,33087
u270272,31809
u272961,62938
u272961,3382
u271922,16804
u271920,37009
u271927,43172
u265747,750
u273212,57931
u273219,17848
u273187,62780
u273187,53301
u260840,14237
u273189,32476
u269452,62295
u276551,24139
u269451,43699
u274607,26433
u269528,43172
u269520,44243
u269520,10537
u276117,17028
u276113,5957
u276111,45711
u276111,977
u272108,31927
u272102,37029
u272103,14268
u272104,16819
u272105,41132
u272105,17199
u272107,6476
u269981,41127
u269987,59554
u269989,52736
u270858,19394
u267463,37010
u262282,43169
u267664,1239
u271585,18552
u271584,14225
u272032,55706
u264613,30814
u276021,18042
u263574,44963
u272039,7429
u276024,44643
u267263,57147
u260065,43352
u267008,4897
u276336,32833
u276331,31273
u266346,77
u266346,16617
u266346,95
u272352,4555
u272357,47212
u276338,7630
u260667,48350
u268488,53725
u269820,23611
u275130,58337
u275130,58355
u275131,46114
u275132,59889
u275645,7260
u267712,8376
u267711,41119
u271731,57555
u270935,27694
u268805,62555
u267483,38377
u273999,53239
u273999,9748
u272306,52585
u273996,33054
u273996,27690
u273997,32584
u273991,49221
u273991,49209
u273993,62298
u275001,3874
u263294,16629
u275825,58347
u275737,56202
u275733,23611
u274358,24106
u268666,56857
u268664,32986
u274606,45157
u274606,599
u274606,15612
u274600,7849
u268660,11112
u275739,45773
u275229,3880
u271021,54334
u271021,36311
u264617,36989
u275221,17041
u275222,24798
u275222,33131
u275223,43949
u270511,16602
u270511,57379
u270511,14245
u270510,9725
u268244,14225
u268244,14248
u268248,11111
